<?xml version="1.0" encoding="UTF-8"?>
<!DOCTYPE suite SYSTEM "http://testng.org/testng-1.0.dtd">
<suite name="TestNG HomeWork" parallel="tests">
	<groups>
		<run>
			<include name="Smoke" />
		</run>
	</groups>
	 <parameter name="browser" value="firefox"></parameter> 
	<!-- <parameter name="browser" value="chrome"></parameter>
 -->	<parameter name="url" value="http://demo1.opentaps.org/opentaps/control/main"></parameter>
  <test verbose="2" name="Lead TestCases"> 
    <classes>
      <class name="week4_hw.CreateLead"/>
      <class name="week4_hw.EditLead"/>
      <class name="week4_hw.MergeLead"/>
      <class name="week4_hw.DeleteLead"/>
     </classes>
  </test> <!-- Default test -->
   <test verbose="2" name="Contact TestCases">
    <classes>
      <class name="week4_hw.CreateContact"/>
      <class name="week4_hw.EditContact"/>
      <class name="week4_hw.MergeContact"/>
      <class name="week4_hw.DeleteContact"/>
    </classes>
  </test> <!-- Default test -->
</suite> <!-- Default suite -->
