<?xml version="1.0" encoding="UTF-8"?>
<!DOCTYPE suite SYSTEM "http://testng.org/testng-1.0.dtd">
<suite name="Default suite" >
  <test verbose="2" name="Default test" parallel="classes" >
    <classes>
      <class name="week4.OpenTaps3"/>
        <class name="week4.OpenTaps4"/>
    </classes>
    
    <!--  <classes>
      <class name="week4.OpenTaps3"/>
    </classes> -->
    
    </test> <!-- Default test -->

   <test verbose="2" name="Default test1">
    <classes>
      <class name="week4.OpenTaps3"/>
    </classes>
    </test> 
</suite> <!-- Default suite -->
